,0,1,accuracy,macro avg,weighted avg
precision,0.8571428571428571,0.803921568627451,0.8130081300813008,0.830532212885154,0.8203639179248936
recall,0.47368421052631576,0.9647058823529412,0.8130081300813008,0.7191950464396285,0.8130081300813008
f1-score,0.6101694915254238,0.8770053475935828,0.8130081300813008,0.7435874195595034,0.7945682538489484
support,38.0,85.0,0.8130081300813008,123.0,123.0
