,mean,std
accuracy,0.8064081632653062,0.0371953206517165
precision,0.7900922196540461,0.030896410386891098
recall,0.9789661319073085,0.02360154771776252
f1,0.8741518905628494,0.024101188529635657
