,mean,std
accuracy,0.8086122448979591,0.025603551659083363
precision,0.7916754813535869,0.01717777489130477
recall,0.9794117647058822,0.029558457709179097
f1,0.8753292508981045,0.017055541276692694
